{
  "name": "main_circuit",
  "description": "",
  "tstamps": "/main_circuit-2775888384016/",
  "source_file": "main_circuit.kicad_sch",
  "components": {
    "IC1": {
      "symbol": "SamacSys_Parts:XC6220B331MR-G",
      "ref": "IC1",
      "value": "",
      "footprint": "SamacSys_Parts:SOT95P280X130-5N",
      "datasheet": "https://www.torexsemi.com/file/xc6220/XC6220.pdf",
      "description": "TOREX - XC6220B331MR-G - IC, LDO, 1A, 3.3V, SOT-25",
      "properties": {},
      "_extra_fields": {},
      "pins": [
        {
          "pin_id": "1",
          "name": "VIN",
          "func": "passive",
          "unit": 1,
          "x": 0.0,
          "y": 0.0,
          "length": 5.08,
          "orientation": 0.0
        },
        {
          "pin_id": "2",
          "name": "VSS",
          "func": "passive",
          "unit": 1,
          "x": 0.0,
          "y": -2.54,
          "length": 5.08,
          "orientation": 0.0
        },
        {
          "pin_id": "3",
          "name": "CE",
          "func": "passive",
          "unit": 1,
          "x": 0.0,
          "y": -5.08,
          "length": 5.08,
          "orientation": 0.0
        },
        {
          "pin_id": "4",
          "name": "NC",
          "func": "no_connect",
          "unit": 1,
          "x": 27.94,
          "y": 0.0,
          "length": 5.08,
          "orientation": 180.0
        },
        {
          "pin_id": "5",
          "name": "VOUT",
          "func": "passive",
          "unit": 1,
          "x": 27.94,
          "y": -2.54,
          "length": 5.08,
          "orientation": 180.0
        }
      ]
    },
    "C5": {
      "symbol": "Device:C",
      "ref": "C5",
      "value": "10uF",
      "footprint": "Capacitor_SMD:C_0603",
      "datasheet": "~",
      "description": "Unpolarized capacitor",
      "properties": {
        "ki_fp_filters": "C_*"
      },
      "_extra_fields": {
        "ki_fp_filters": "C_*"
      },
      "pins": [
        {
          "pin_id": "1",
          "name": "~",
          "func": "passive",
          "unit": 1,
          "x": 0.0,
          "y": 3.81,
          "length": 2.794,
          "orientation": 270.0
        },
        {
          "pin_id": "2",
          "name": "~",
          "func": "passive",
          "unit": 1,
          "x": 0.0,
          "y": -3.81,
          "length": 2.794,
          "orientation": 90.0
        }
      ]
    },
    "C7": {
      "symbol": "Device:C",
      "ref": "C7",
      "value": "0.1uF",
      "footprint": "Capacitor_SMD:C_0603",
      "datasheet": "~",
      "description": "Unpolarized capacitor",
      "properties": {
        "ki_fp_filters": "C_*"
      },
      "_extra_fields": {
        "ki_fp_filters": "C_*"
      },
      "pins": [
        {
          "pin_id": "1",
          "name": "~",
          "func": "passive",
          "unit": 1,
          "x": 0.0,
          "y": 3.81,
          "length": 2.794,
          "orientation": 270.0
        },
        {
          "pin_id": "2",
          "name": "~",
          "func": "passive",
          "unit": 1,
          "x": 0.0,
          "y": -3.81,
          "length": 2.794,
          "orientation": 90.0
        }
      ]
    }
  },
  "nets": {
    "N$1": {
      "nodes": [
        {
          "component": "IC1",
          "pin": {
            "number": "5",
            "name": "VOUT",
            "type": "passive"
          }
        },
        {
          "component": "C5",
          "pin": {
            "number": "1",
            "name": "~",
            "type": "passive"
          }
        },
        {
          "component": "C7",
          "pin": {
            "number": "1",
            "name": "~",
            "type": "passive"
          }
        }
      ],
      "is_power": false,
      "power_symbol": null,
      "trace_current": null,
      "impedance": null,
      "properties": {}
    }
  },
  "subcircuits": [],
  "annotations": []
}