{
  "name": "main_circuit",
  "description": "",
  "tstamps": "/main_circuit-1851301466128/",
  "source_file": "main_circuit.kicad_sch",
  "components": {
    "R3": {
      "symbol": "Device:R",
      "ref": "R3",
      "value": "10k",
      "footprint": "Resistor_SMD:R_0603_1608Metric",
      "datasheet": "~",
      "description": "Resistor",
      "properties": {
        "ki_fp_filters": "R_*"
      },
      "_extra_fields": {
        "ki_fp_filters": "R_*"
      },
      "pins": [
        {
          "pin_id": "1",
          "name": "~",
          "func": "passive",
          "unit": 1,
          "x": 0.0,
          "y": 3.81,
          "length": 1.27,
          "orientation": 270.0
        },
        {
          "pin_id": "2",
          "name": "~",
          "func": "passive",
          "unit": 1,
          "x": 0.0,
          "y": -3.81,
          "length": 1.27,
          "orientation": 90.0
        }
      ]
    },
    "C12": {
      "symbol": "Device:C",
      "ref": "C12",
      "value": "1uF",
      "footprint": "Capacitor_SMD:C_0603_1608Metric",
      "datasheet": "~",
      "description": "Unpolarized capacitor",
      "properties": {
        "ki_fp_filters": "C_*"
      },
      "_extra_fields": {
        "ki_fp_filters": "C_*"
      },
      "pins": [
        {
          "pin_id": "1",
          "name": "~",
          "func": "passive",
          "unit": 1,
          "x": 0.0,
          "y": 3.81,
          "length": 2.794,
          "orientation": 270.0
        },
        {
          "pin_id": "2",
          "name": "~",
          "func": "passive",
          "unit": 1,
          "x": 0.0,
          "y": -3.81,
          "length": 2.794,
          "orientation": 90.0
        }
      ]
    }
  },
  "nets": {
    "+3.3V": {
      "nodes": [
        {
          "component": "R3",
          "pin": {
            "number": "1",
            "name": "~",
            "type": "passive"
          }
        }
      ],
      "is_power": true,
      "power_symbol": "power:+3V3",
      "trace_current": null,
      "impedance": null,
      "properties": {}
    },
    "EN": {
      "nodes": [
        {
          "component": "R3",
          "pin": {
            "number": "2",
            "name": "~",
            "type": "passive"
          }
        },
        {
          "component": "C12",
          "pin": {
            "number": "1",
            "name": "~",
            "type": "passive"
          }
        }
      ],
      "is_power": false,
      "power_symbol": null,
      "trace_current": null,
      "impedance": null,
      "properties": {}
    },
    "GND": {
      "nodes": [
        {
          "component": "C12",
          "pin": {
            "number": "2",
            "name": "~",
            "type": "passive"
          }
        }
      ],
      "is_power": true,
      "power_symbol": "power:GND",
      "trace_current": null,
      "impedance": null,
      "properties": {}
    }
  },
  "subcircuits": [],
  "annotations": []
}